case_id,category,crop,area_da,expected_status,actual_status,expected_amount,actual_amount,status_match,amount_match,citation_valid,latency_ms
TD-001,BASIC,BUĞDAY,10.0,ELIGIBLE,REVIEW,4771.00,,False,False,False,11.0
TD-002,BASIC,BUĞDAY,12.4,ELIGIBLE,REVIEW,5916.04,,False,False,False,9.85
TD-003,BASIC,ARPA,20.0,ELIGIBLE,REVIEW,9542.00,,False,False,False,10.3
TD-004,BASIC,MISIR,15.0,NOT_ELIGIBLE,REVIEW,,,False,True,False,9.93
TD-005,BASIC,FINDIK,10.0,ELIGIBLE,REVIEW,5505.00,,False,False,False,10.35
TD-006,BASIC,BUĞDAY,10.0,REVIEW,REVIEW,,,True,True,False,10.95
TD-007,BASIC,BUĞDAY,10.0,NOT_ELIGIBLE,NOT_ELIGIBLE,,,True,True,False,10.04
TD-008,BASIC,AYÇİÇEĞİ,30.0,ELIGIBLE,REVIEW,16515.00,,False,False,False,11.41
TD-009,BASIC,PAMUK,10.0,ELIGIBLE,REVIEW,8257.50,,False,False,False,11.8
TD-010,BASIC,BUĞDAY,50.0,ELIGIBLE,REVIEW,23855.00,,False,False,False,11.06
TD-011,BASIC,BUĞDAY,5.5,ELIGIBLE,REVIEW,2624.05,,False,False,False,10.08
TD-012,BASIC,BİLİNMEYEN_ÜRÜN,10.0,NOT_ELIGIBLE,REVIEW,,,False,True,False,10.85
TD-013,BASIC,ARPA,10.0,REVIEW,REVIEW,,,True,True,False,11.24
TD-014,BASIC,ARPA,10.0,NOT_ELIGIBLE,NOT_ELIGIBLE,,,True,True,False,11.02
TD-015,BASIC,MISIR,25.0,NOT_ELIGIBLE,REVIEW,,,False,True,False,10.99
TD-016,PLANNED,BUĞDAY,10.0,ELIGIBLE,REVIEW,4771.00,,False,False,False,11.14
TD-017,PLANNED,ARPA,20.0,ELIGIBLE,REVIEW,9542.00,,False,False,False,12.01
TD-018,PLANNED,FINDIK,10.0,NOT_ELIGIBLE,REVIEW,,,False,True,False,12.98
TD-019,PLANNED,PAMUK,10.0,NOT_ELIGIBLE,REVIEW,,,False,True,False,13.68
TD-020,PLANNED,BUĞDAY,10.0,REVIEW,REVIEW,,,True,True,False,12.43
TD-021,PLANNED,BUĞDAY,10.0,NOT_ELIGIBLE,NOT_ELIGIBLE,,,True,True,False,12.93
TD-022,PLANNED,ARPA,15.0,ELIGIBLE,REVIEW,7156.50,,False,False,False,12.68
TD-023,PLANNED,ZEYTİN,10.0,NOT_ELIGIBLE,REVIEW,,,False,True,False,12.74
TD-024,PLANNED,ARPA,10.0,REVIEW,REVIEW,,,True,True,False,11.87
TD-025,PLANNED,BUĞDAY,30.0,ELIGIBLE,REVIEW,14313.00,,False,False,False,12.4
TD-026,PLANNED,BUĞDAY,10.0,NOT_ELIGIBLE,REVIEW,,,False,True,False,12.08
TD-027,PLANNED,MISIR,10.0,NOT_ELIGIBLE,REVIEW,,,False,True,False,11.74
TD-028,PLANNED,BUĞDAY,5.0,ELIGIBLE,REVIEW,2385.50,,False,False,False,11.49
TD-029,PLANNED,ARPA,5.0,ELIGIBLE,REVIEW,2385.50,,False,False,False,10.92
TD-030,PLANNED,AYÇİÇEĞİ,10.0,NOT_ELIGIBLE,REVIEW,,,False,True,False,12.98
TD-031,SEED,BUĞDAY,10.0,ELIGIBLE,REVIEW,2055.20,,False,False,False,12.36
TD-032,SEED,BUĞDAY,10.0,NOT_ELIGIBLE,NOT_ELIGIBLE,,,True,True,False,12.13
TD-033,SEED,BUĞDAY,10.0,REVIEW,REVIEW,,,True,True,False,12.57
TD-034,SEED,ARPA,20.0,ELIGIBLE,REVIEW,4110.40,,False,False,False,12.15
TD-035,SEED,ARPA,20.0,REVIEW,REVIEW,,,True,True,False,13.14
TD-036,SEED,MISIR,10.0,NOT_ELIGIBLE,REVIEW,,,False,True,False,12.36
TD-037,SEED,BUĞDAY,10.0,NOT_ELIGIBLE,NOT_ELIGIBLE,,,True,True,False,11.98
TD-038,SAPLING,FINDIK,10.0,ELIGIBLE,REVIEW,18350.00,,False,False,False,12.76
TD-039,SAPLING,FINDIK,10.0,NOT_ELIGIBLE,NOT_ELIGIBLE,,,True,True,False,13.05
TD-040,SAPLING,FINDIK,10.0,REVIEW,REVIEW,,,True,True,False,13.65
TD-041,SAPLING,BUĞDAY,10.0,NOT_ELIGIBLE,REVIEW,,,False,True,False,13.36
TD-042,SAPLING,FINDIK,5.0,ELIGIBLE,REVIEW,9175.00,,False,False,False,12.09
TD-043,SAPLING,FINDIK,10.0,REVIEW,REVIEW,,,True,True,False,11.78
TD-044,SAPLING,FINDIK,10.0,NOT_ELIGIBLE,NOT_ELIGIBLE,,,True,True,False,12.4
TD-045,WATER,MERCİMEK,10.0,ELIGIBLE,REVIEW,2936.00,,False,False,False,12.8
TD-046,WATER,MERCİMEK,20.0,ELIGIBLE,REVIEW,5872.00,,False,False,False,12.59
TD-047,WATER,MISIR,10.0,NOT_ELIGIBLE,REVIEW,,,False,True,False,13.7
TD-048,WATER,MERCİMEK,10.0,NOT_ELIGIBLE,REVIEW,,,False,True,False,14.23
TD-049,WATER,MERCİMEK,10.0,REVIEW,REVIEW,,,True,True,False,11.33
TD-050,WATER,MERCİMEK,10.0,NOT_ELIGIBLE,NOT_ELIGIBLE,,,True,True,False,10.86
TD-051,BASIC,BUĞDAY,40.0,ELIGIBLE,REVIEW,19084.00,,False,False,False,11.89
TD-052,BASIC,ARPA,15.5,ELIGIBLE,REVIEW,7395.05,,False,False,False,11.79
TD-053,BASIC,PAMUK,20.0,ELIGIBLE,REVIEW,16515.00,,False,False,False,11.79
TD-054,BASIC,AYÇİÇEĞİ,50.0,ELIGIBLE,REVIEW,27525.00,,False,False,False,13.56
TD-055,BASIC,FINDIK,25.0,ELIGIBLE,REVIEW,13762.50,,False,False,False,13.13
TD-056,BASIC,MISIR,30.0,NOT_ELIGIBLE,REVIEW,,,False,True,False,13.33
TD-057,BASIC,BUĞDAY,100.0,ELIGIBLE,REVIEW,47710.00,,False,False,False,14.0
TD-058,BASIC,SOYA,10.0,NOT_ELIGIBLE,REVIEW,,,False,True,False,11.37
TD-059,BASIC,BUĞDAY,10.0,NOT_ELIGIBLE,NOT_ELIGIBLE,,,True,True,False,13.56
TD-060,BASIC,PAMUK,15.0,REVIEW,REVIEW,,,True,True,False,12.32
TD-061,BASIC,AYÇİÇEĞİ,12.0,NOT_ELIGIBLE,NOT_ELIGIBLE,,,True,True,False,12.18
TD-062,BASIC,MISIR,8.5,NOT_ELIGIBLE,REVIEW,,,False,True,False,11.64
TD-063,BASIC,FINDIK,15.0,NOT_ELIGIBLE,NOT_ELIGIBLE,,,True,True,False,12.68
TD-064,BASIC,ARPA,40.0,ELIGIBLE,REVIEW,19084.00,,False,False,False,12.42
TD-065,BASIC,MUZ,10.0,NOT_ELIGIBLE,REVIEW,,,False,True,False,13.77
TD-066,PLANNED,BUĞDAY,25.0,ELIGIBLE,REVIEW,11927.50,,False,False,False,11.18
TD-067,PLANNED,ARPA,30.0,ELIGIBLE,REVIEW,14313.00,,False,False,False,12.19
TD-068,PLANNED,BUĞDAY,18.4,ELIGIBLE,REVIEW,8778.64,,False,False,False,12.26
TD-069,PLANNED,ARPA,8.0,ELIGIBLE,REVIEW,3816.80,,False,False,False,11.95
TD-070,PLANNED,BUĞDAY,10.0,REVIEW,REVIEW,,,True,True,False,12.8
TD-071,PLANNED,ARPA,10.0,NOT_ELIGIBLE,NOT_ELIGIBLE,,,True,True,False,12.56
TD-072,PLANNED,BUĞDAY,10.0,NOT_ELIGIBLE,REVIEW,,,False,True,False,12.68
TD-073,PLANNED,MISIR,20.0,NOT_ELIGIBLE,REVIEW,,,False,True,False,12.31
TD-074,PLANNED,PAMUK,15.0,NOT_ELIGIBLE,REVIEW,,,False,True,False,12.42
TD-075,PLANNED,ARPA,50.0,ELIGIBLE,REVIEW,23855.00,,False,False,False,11.64
TD-076,SEED,BUĞDAY,30.0,ELIGIBLE,REVIEW,6165.60,,False,False,False,13.92
TD-077,SEED,ARPA,25.0,ELIGIBLE,REVIEW,5138.00,,False,False,False,11.8
TD-078,SEED,BUĞDAY,50.0,ELIGIBLE,REVIEW,10276.00,,False,False,False,12.95
TD-079,SEED,BUĞDAY,15.0,NOT_ELIGIBLE,NOT_ELIGIBLE,,,True,True,False,11.17
TD-080,SEED,ARPA,20.0,REVIEW,REVIEW,,,True,True,False,11.38
TD-081,SEED,BUĞDAY,10.0,NOT_ELIGIBLE,NOT_ELIGIBLE,,,True,True,False,12.67
TD-082,SEED,BUĞDAY,10.0,REVIEW,REVIEW,,,True,True,False,12.44
TD-083,SEED,PAMUK,10.0,NOT_ELIGIBLE,REVIEW,,,False,True,False,13.03
TD-084,SAPLING,FINDIK,15.0,ELIGIBLE,REVIEW,27525.00,,False,False,False,11.95
TD-085,SAPLING,FINDIK,8.0,ELIGIBLE,REVIEW,14680.00,,False,False,False,12.69
TD-086,SAPLING,FINDIK,20.0,ELIGIBLE,REVIEW,36700.00,,False,False,False,10.91
TD-087,SAPLING,FINDIK,10.0,NOT_ELIGIBLE,NOT_ELIGIBLE,,,True,True,False,11.26
TD-088,SAPLING,FINDIK,12.0,REVIEW,REVIEW,,,True,True,False,12.22
TD-089,SAPLING,FINDIK,10.0,NOT_ELIGIBLE,NOT_ELIGIBLE,,,True,True,False,13.46
TD-090,SAPLING,FINDIK,10.0,REVIEW,REVIEW,,,True,True,False,11.93
TD-091,SAPLING,ELMA,10.0,NOT_ELIGIBLE,REVIEW,,,False,True,False,11.55
TD-092,WATER,MERCİMEK,15.0,ELIGIBLE,REVIEW,4404.00,,False,False,False,11.65
TD-093,WATER,MERCİMEK,30.0,ELIGIBLE,REVIEW,8808.00,,False,False,False,12.21
TD-094,WATER,MERCİMEK,40.0,ELIGIBLE,REVIEW,11744.00,,False,False,False,11.81
TD-095,WATER,MERCİMEK,8.5,ELIGIBLE,REVIEW,2495.60,,False,False,False,12.5
TD-096,WATER,MERCİMEK,10.0,REVIEW,REVIEW,,,True,True,False,11.44
TD-097,WATER,MERCİMEK,10.0,NOT_ELIGIBLE,NOT_ELIGIBLE,,,True,True,False,12.1
TD-098,WATER,MERCİMEK,10.0,NOT_ELIGIBLE,REVIEW,,,False,True,False,11.75
TD-099,WATER,BUĞDAY,10.0,NOT_ELIGIBLE,REVIEW,,,False,True,False,11.57
TD-100,WATER,MERCİMEK,50.0,ELIGIBLE,REVIEW,14680.00,,False,False,False,11.09
